,DATE,TRADECODE,LAST_TRADE_PRICE,HIGH,LOW,OPEN,CLOSE,YDAY_CLOSE,NUM_TRADES,VALUE_IN_MN,NUM_SHARES,REL_VOL,ATR
0,2020-06-21,GP,238.8,238.8,238.8,238.8,238.8,238.8,113,9.378,39273,,
1,2020-06-22,GP,238.8,238.8,238.8,238.8,238.8,238.8,91,4.318,18082,,
2,2020-06-23,GP,238.8,238.8,238.8,238.8,238.8,238.8,85,5.989,25079,,
3,2020-06-24,GP,238.8,238.8,238.8,238.8,238.8,238.8,77,6.892,28860,,
4,2020-06-25,GP,238.8,238.8,238.8,238.8,238.8,238.8,122,11.046,46257,1.4679850091699227,0.0
5,2020-06-28,GP,238.8,238.8,238.8,238.8,238.8,238.8,111,7.599,31821,1.0600100435219284,0.0
6,2020-06-29,GP,238.8,238.8,238.8,238.8,238.8,238.8,140,12.563,52608,1.4247317925106036,0.0
7,2020-06-30,GP,238.8,238.8,238.8,238.8,238.8,238.8,142,13.392,56081,1.3003961780470754,0.0
8,2020-07-02,GP,238.8,238.8,238.8,238.8,238.8,238.8,60,4.069,17038,0.41802790277178486,0.0
9,2020-07-05,GP,238.8,238.8,238.8,238.8,238.8,238.8,68,5.829,24410,0.6707401270367301,0.0
10,2020-07-06,GP,238.8,238.8,238.8,238.8,238.8,238.8,69,5.051,21152,0.6174212790925093,0.0
11,2020-07-07,GP,238.8,238.8,238.8,238.8,238.8,238.8,100,5.729,23992,0.8407690049897271,0.0
12,2020-07-08,GP,238.8,238.8,238.8,238.8,238.8,238.8,92,6.606,27662,1.2105996188242194,0.0
13,2020-07-09,GP,239.5,244.0,238.8,238.8,239.8,238.8,2020,291.443,1215338,4.6311074245688975,1.0399999999999978
14,2020-07-12,GP,243.8,245.0,241.0,241.0,244.2,239.8,1203,78.541,322221,1.0137723623409145,2.2799999999999954
15,2020-07-13,GP,240.4,245.0,239.5,244.2,239.9,244.2,1725,84.198,348466,0.9024108446208821,3.3799999999999955
16,2020-07-14,GP,239.2,240.6,238.9,240.6,239.1,239.9,1099,52.267,218181,0.5093703404118468,4.439999999999992
17,2020-07-15,GP,241.3,245.0,240.8,243.0,242.1,239.1,2118,137.373,566393,1.0668554351979274,5.459999999999991
18,2020-07-16,GP,242.0,248.0,241.3,248.0,241.9,242.1,1368,84.909,350600,0.9708590219717899,6.199999999999994
19,2020-07-19,GP,243.7,245.0,241.4,243.0,244.1,241.9,1379,63.975,262674,0.7567029868329541,5.679999999999995
20,2020-07-20,GP,246.6,247.5,243.5,244.5,245.9,244.1,1972,124.119,504170,1.3414122768527783,5.699999999999994
21,2020-07-21,GP,246.7,248.8,245.3,245.9,246.5,245.9,1234,62.916,254704,0.6646636748561141,5.580000000000001
22,2020-07-22,GP,246.4,247.4,245.7,246.5,246.7,246.5,1566,108.232,439051,1.218414458145991,4.900000000000006
23,2020-07-23,GP,251.8,252.0,246.1,246.1,250.8,246.7,2553,174.154,699774,1.6325019310231048,4.300000000000006
24,2020-07-26,GP,258.9,258.9,251.0,251.0,258.1,250.8,2619,169.053,659712,1.3238831964966464,6.020000000000005
25,2020-07-27,GP,255.0,261.9,252.3,259.9,254.9,258.1,1912,116.184,452448,0.9213070087655165,7.119999999999999
26,2020-07-28,GP,254.7,256.5,253.1,255.0,254.2,254.9,1221,97.507,382737,0.7329920466675687,7.1800000000000015
27,2020-07-29,GP,253.8,256.0,253.2,255.0,254.4,254.2,1227,88.797,349241,0.6876079263429329,7.4
28,2020-07-30,GP,259.0,259.9,254.4,255.0,258.5,254.4,1907,144.586,560355,1.173345755014794,7.359999999999997
29,2020-08-03,GP,264.5,264.7,258.6,259.0,263.5,258.5,1728,112.508,428421,1.0052860885446637,6.979999999999995
30,2020-08-04,GP,263.0,267.9,263.0,264.8,263.5,263.5,2328,161.003,608059,1.3319220186597969,6.639999999999998
31,2020-08-05,GP,0.0,0.0,0.0,0.0,263.5,263.5,0,0.0,0,0.0,58.33999999999999
32,2020-08-06,GP,254.7,258.0,253.0,258.0,254.2,263.5,2906,215.873,848580,1.7025490165149768,59.87999999999998
33,2020-08-09,GP,271.7,276.0,254.2,255.0,271.1,254.2,2654,192.248,720342,1.4102037463029906,63.09999999999999
34,2020-08-10,GP,275.9,278.7,264.1,271.5,277.3,271.1,3031,281.199,1025714,1.653483440998303,65.93999999999998
35,2020-08-12,GP,289.0,289.0,277.0,278.0,288.3,277.3,2232,211.752,747120,1.1750004439156916,67.63999999999999
36,2020-08-13,GP,291.0,298.0,288.0,290.0,290.0,288.3,1893,191.865,657905,0.8777495866641903,19.079999999999984
37,2020-08-16,GP,290.3,294.0,286.0,294.0,291.7,290.0,1808,153.459,528693,0.7445685346178592,18.579999999999984
38,2020-08-17,GP,286.2,293.4,286.0,292.4,287.2,291.7,1868,203.103,700500,0.9751646376243784,15.699999999999978
39,2020-08-18,GP,285.4,288.0,278.0,288.0,283.8,287.2,2517,196.68,697641,1.0277376290550646,13.539999999999974
40,2020-08-19,GP,287.6,292.0,284.6,286.9,285.7,283.8,1040,78.252,272881,0.4751997609791111,11.439999999999975
41,2020-08-20,GP,286.9,290.0,284.2,285.0,286.1,285.7,1049,75.914,264520,0.5365644719878768,8.539999999999974
42,2020-08-23,GP,295.5,298.0,287.0,287.0,294.0,286.1,1739,159.714,544976,1.1189735211157088,9.399999999999977
43,2020-08-24,GP,300.0,302.5,293.0,295.0,299.5,294.0,2263,225.901,754994,1.5336928907301268,11.199999999999978
44,2020-08-25,GP,314.5,314.5,299.5,301.7,312.5,299.5,2606,241.152,783566,1.5439992931531898,12.55999999999998
45,2020-08-26,GP,317.0,318.7,312.9,315.0,315.5,312.5,2192,182.213,576103,1.0295752937639988,14.919999999999982
46,2020-08-27,GP,315.0,318.7,314.2,317.0,314.9,315.5,1965,225.028,710838,1.0881347146250318,14.919999999999982
47,2020-08-31,GP,320.0,320.6,312.7,315.0,318.4,314.9,2050,205.148,648165,0.9502502218738942,14.039999999999987
48,2020-09-01,GP,320.8,325.1,316.0,320.4,320.1,318.4,2365,206.504,640523,0.9740341211929681,12.8
49,2020-09-02,GP,321.5,323.4,316.0,322.0,321.1,320.1,1278,161.652,506737,0.8242966921456945,10.179999999999996
50,2020-09-03,GP,323.9,324.3,319.0,322.0,322.9,321.1,1410,183.337,568816,0.9338025342554365,7.4
51,2020-09-06,GP,322.9,323.9,320.7,323.0,322.1,322.9,835,96.791,299996,0.5670691982489525,6.8
52,2020-09-07,GP,326.0,328.0,320.6,320.6,325.8,322.1,1410,113.283,348355,0.7437494009062893,6.699999999999989
53,2020-09-08,GP,335.1,344.0,326.9,326.9,336.3,325.8,2474,204.76,610780,1.347419069967611,9.039999999999974
54,2020-09-09,GP,342.0,346.0,337.0,339.0,343.2,336.3,1854,142.4,417332,0.9614203094639137,11.599999999999977
55,2020-09-10,GP,345.0,348.9,339.9,344.9,347.6,343.2,1771,160.066,464768,1.1157535201449884,13.059999999999969
56,2020-09-13,GP,353.0,353.8,347.6,347.6,352.8,347.6,1727,104.936,298429,0.7232526242513216,14.539999999999974
57,2020-09-14,GP,351.9,354.7,346.3,354.0,350.1,352.8,1202,99.308,283888,0.6979071499852418,14.739999999999975
58,2020-09-15,GP,347.8,350.6,344.0,350.6,345.9,350.1,1631,91.873,265637,0.7674207252795351,12.119999999999981
59,2020-09-16,GP,342.8,347.9,340.0,345.0,340.7,345.9,1911,103.201,301919,0.9224521974171588,10.099999999999989
60,2020-09-17,GP,342.0,344.8,340.0,340.7,340.8,340.7,1315,116.59,341120,1.12994952588446,8.759999999999991
61,2020-09-20,GP,337.0,341.0,335.7,341.0,336.7,340.8,1676,164.048,485615,1.4264547320093215,7.699999999999989
62,2020-09-21,GP,332.5,339.0,327.7,336.7,331.7,336.7,1862,117.491,355183,0.990310231067611,8.639999999999997
63,2020-09-22,GP,328.0,333.0,327.0,333.0,329.5,331.7,1349,88.466,268866,0.7499711764745776,8.819999999999993
64,2020-09-23,GP,337.0,337.6,327.3,329.0,336.6,329.5,1107,75.668,226368,0.6728879545693031,8.85999999999999
65,2020-09-24,GP,332.5,337.8,331.5,337.8,335.2,336.6,971,66.482,199341,0.6490417939881481,9.339999999999998
66,2020-09-27,GP,331.9,336.8,329.4,336.0,330.6,335.2,825,61.05,184443,0.7460461387682479,9.760000000000002
67,2020-09-28,GP,331.5,333.5,330.0,330.6,330.9,330.6,840,52.912,159612,0.7677797189605835,8.179999999999996
68,2020-09-29,GP,332.1,333.4,330.0,330.2,331.9,330.9,623,44.781,135257,0.7441349582742037,6.919999999999993
69,2020-09-30,GP,329.7,331.9,329.7,331.9,330.0,331.9,637,37.073,112119,0.7066962005047693,5.299999999999988
70,2020-10-01,GP,332.5,332.9,327.5,329.0,331.0,330.0,657,51.287,155105,1.0377656280984042,4.719999999999982
71,2020-10-04,GP,332.5,332.9,328.5,331.7,330.1,331.0,593,43.452,131689,0.9466460425698787,4.119999999999971
72,2020-10-05,GP,329.3,332.0,328.5,330.0,328.8,330.1,778,58.572,177624,1.2453383794357153,3.7799999999999727
73,2020-10-06,GP,330.0,330.0,326.1,328.8,326.6,328.8,758,64.902,198420,1.271162539269682,3.8999999999999773
74,2020-10-07,GP,326.1,328.8,325.4,328.8,326.9,326.6,559,31.32,95930,0.627572305065863,4.139999999999986
75,2020-10-08,GP,331.0,331.5,325.0,326.1,328.3,326.9,674,54.6,167261,1.0797085973280178,4.3599999999999905
76,2020-10-11,GP,326.5,330.5,325.8,327.3,329.0,328.3,654,74.29,227173,1.3093794503743603,4.419999999999993
77,2020-10-12,GP,331.7,331.8,325.7,330.9,330.8,329.0,872,77.782,236678,1.283980534444393,4.939999999999998
78,2020-10-13,GP,331.0,337.0,329.5,332.0,333.2,330.8,857,44.293,132829,0.7845439892307419,5.7399999999999975
79,2020-10-14,GP,335.0,336.2,331.1,333.0,334.1,333.2,579,32.433,97173,0.5722164588317489,6.139999999999986
80,2020-10-15,GP,341.0,342.5,332.3,335.0,341.1,334.1,1309,95.484,281535,1.4722371269450665,6.879999999999984
81,2020-10-18,GP,335.8,344.5,333.6,342.0,335.0,341.1,1126,43.09,126628,0.7351184992595929,8.119999999999981
82,2020-10-19,GP,335.9,341.6,335.3,336.0,335.9,335.0,877,58.775,174040,1.0722429991790567,8.159999999999979
83,2020-10-20,GP,332.5,338.9,331.3,336.0,331.9,335.9,977,45.849,137884,0.8317097859094223,8.079999999999973
84,2020-10-21,GP,331.7,333.6,330.4,331.9,331.3,331.9,861,63.195,190840,1.0312735604272942,8.099999999999977
85,2020-10-22,GP,329.8,331.3,329.5,331.3,330.0,331.3,838,50.409,152728,0.9645144995752302,6.539999999999975
86,2020-10-25,GP,332.0,333.4,328.9,328.9,332.0,330.0,690,59.723,180866,1.0743440390572438,5.259999999999979
87,2020-10-27,GP,332.0,333.2,330.6,332.2,332.2,332.0,637,45.017,135625,0.8519718539098311,4.639999999999975
88,2020-10-28,GP,331.0,331.0,329.0,330.1,330.0,332.2,878,160.219,485670,2.1161471142187693,3.719999999999982
89,2020-10-29,GP,329.5,331.8,329.0,329.5,329.7,330.0,514,26.258,79472,0.3843091567971993,3.2599999999999794
90,2020-11-01,GP,331.0,331.0,327.9,329.7,329.2,329.7,511,27.13,82539,0.4261073608358175,3.399999999999989
91,2020-11-02,GP,329.9,330.2,328.2,329.0,328.9,329.2,466,20.669,62832,0.37002359529239903,2.899999999999989
92,2020-11-03,GP,328.6,330.3,328.6,330.0,328.6,328.9,414,27.772,84399,0.5299029185492734,2.5999999999999885
93,2020-11-04,GP,330.0,331.0,328.0,329.0,328.7,328.6,540,51.605,157031,1.6816676877354433,2.5999999999999885
94,2020-11-05,GP,336.0,337.5,328.3,328.3,336.1,328.7,872,54.749,164167,1.5047134808300122,3.7999999999999887
95,2020-11-08,GP,338.0,339.9,335.0,336.2,337.2,336.1,879,50.806,150399,1.2355484652312003,5.419999999999982
96,2020-11-09,GP,334.2,337.2,332.0,336.3,334.8,337.2,577,29.098,87028,0.6797645189926645,6.059999999999979
97,2020-11-10,GP,331.8,334.0,330.0,333.0,332.5,334.8,420,32.337,97486,0.7396555273450903,7.15999999999998
98,2020-11-11,GP,334.1,336.4,330.2,332.0,334.8,332.5,701,41.899,125727,1.002901062286669,7.799999999999978
99,2020-11-12,GP,330.1,332.8,329.0,332.5,330.2,334.8,705,43.018,130282,1.0909524340883963,6.719999999999982
100,2020-11-15,GP,329.0,332.0,328.7,330.2,329.2,330.2,625,30.526,92444,0.8629111591040151,5.699999999999989
101,2020-11-16,GP,328.5,331.0,328.5,330.0,329.6,329.2,551,33.114,100535,0.9152874058841088,5.159999999999991
102,2020-11-17,GP,330.0,331.0,327.9,329.0,329.7,329.6,601,48.103,146015,1.222999084714736,4.339999999999998
103,2020-11-18,GP,327.9,332.0,327.9,329.7,328.8,329.7,728,55.701,169264,1.3233030190723267,3.9200000000000044
104,2020-11-19,GP,327.0,328.8,325.9,328.8,326.8,328.8,1018,112.063,342849,2.0046546240344605,3.9200000000000044
105,2020-11-22,GP,325.3,327.0,325.0,327.0,325.3,326.8,676,49.542,152141,0.8297853096746314,3.460000000000002
106,2020-11-23,GP,322.9,325.0,316.0,323.1,320.7,325.3,924,58.455,182557,0.9024621446039077,5.1200000000000045
107,2020-11-24,GP,318.2,322.0,317.5,322.0,318.2,320.7,944,71.629,225008,1.0309594403983997,6.060000000000002
108,2020-11-25,GP,320.8,324.7,319.0,324.7,320.8,318.2,488,20.172,62641,0.3234133155476318,6.3799999999999955
109,2020-11-26,GP,319.2,325.8,314.6,319.0,319.2,320.8,1123,100.531,316657,1.6736811962880707,7.8599999999999905
110,2020-11-29,GP,321.5,322.5,318.0,319.2,321.5,319.2,305,8.692,27108,0.167489469282678,7.9999999999999885
111,2020-11-30,GP,319.1,321.5,318.0,318.2,319.1,321.5,613,37.604,117658,0.7879209480865615,6.539999999999987
112,2020-12-01,GP,320.0,321.0,319.5,321.0,320.0,319.1,703,40.577,126727,0.9774010482907465,5.379999999999984
113,2020-12-02,GP,318.0,320.1,317.1,320.1,318.0,320.0,726,42.69,134196,0.9276643458760333,4.8399999999999865
114,2020-12-03,GP,319.4,320.0,318.0,318.0,319.4,318.0,960,71.48,223883,1.777729142521749,2.9999999999999885
115,2020-12-06,GP,326.1,327.9,319.6,320.1,326.1,319.4,776,42.201,129758,0.899608615573519,4.079999999999984
116,2020-12-07,GP,328.8,330.0,325.0,325.1,328.8,326.1,830,54.131,164678,1.0779674923032192,5.4999999999999885
117,2020-12-08,GP,334.1,334.9,327.8,327.8,334.1,328.8,1175,83.381,250996,1.4186087660735733,6.85999999999998
118,2020-12-09,GP,334.9,335.3,332.0,334.1,334.9,334.1,697,62.376,186684,0.9946136257091739,7.559999999999979
119,2020-12-10,GP,340.7,342.0,334.9,334.9,341.5,334.9,1585,109.231,322208,1.5545798702038027,8.739999999999975
120,2020-12-13,GP,345.5,349.1,342.0,343.0,345.5,341.5,1310,73.031,210600,0.9555279340573075,9.599999999999989
121,2020-12-14,GP,350.2,352.0,344.6,346.0,350.2,345.5,1662,144.983,415985,1.5325833717405,9.579999999999984
122,2020-12-15,GP,356.8,357.9,349.0,351.0,356.8,350.2,1586,141.922,398766,1.3350001787249572,10.299999999999988
123,2020-12-17,GP,346.0,356.7,345.1,356.7,346.0,356.8,1506,129.011,371479,1.0783663056815864,11.319999999999983
124,2020-12-20,GP,340.1,348.5,338.0,348.5,340.1,346.0,802,45.091,132296,0.42217033244825275,13.49999999999999
125,2020-12-21,GP,341.4,344.9,336.0,341.1,341.4,340.1,1181,83.553,244972,0.7671606434552667,12.659999999999979
126,2020-12-22,GP,337.5,341.4,336.5,341.4,337.5,341.4,610,28.921,85275,0.33746948643867647,11.539999999999974
127,2020-12-23,GP,337.2,340.0,333.0,337.6,337.2,337.5,1184,52.255,155598,0.7711071301032079,10.739999999999975
128,2020-12-24,GP,341.1,343.9,337.2,337.5,341.1,337.2,892,89.219,262224,1.4917619440942484,9.75999999999998
129,2020-12-27,GP,350.0,351.9,342.0,344.0,350.0,341.1,1313,97.598,280688,1.388125593805647,8.939999999999975
130,2020-12-28,GP,353.1,355.1,347.0,350.5,353.7,350.0,1813,168.995,479780,1.9336343332082346,9.739999999999975
131,2020-12-29,GP,349.7,353.5,348.0,353.0,349.7,353.7,895,87.945,251447,0.8865208906236139,9.85999999999998
132,2020-12-30,GP,347.1,349.9,346.0,349.9,347.1,349.7,1214,92.159,265172,0.8598269131729599,9.719999999999981
133,2021-01-03,GP,358.4,365.0,344.0,348.0,358.4,347.1,1401,154.349,436617,1.2840032210513004,12.579999999999984
134,2021-01-04,GP,370.6,376.0,360.1,360.1,370.6,358.4,1842,171.336,463513,1.2695618153364634,15.419999999999982
135,2021-01-05,GP,376.4,388.0,367.5,370.6,376.4,370.6,1842,166.277,438324,1.237058562700687,18.539999999999985
136,2021-01-06,GP,373.9,379.6,366.0,376.0,371.2,376.4,1381,169.316,456966,1.1236241384482046,20.15999999999999
137,2021-01-07,GP,366.2,376.0,366.0,376.0,366.2,371.2,1147,106.366,288816,0.6928081245994238,20.69999999999999
138,2021-01-10,GP,371.3,374.0,365.0,366.3,372.3,366.2,700,48.622,131532,0.36728169846068315,18.29999999999999
139,2021-01-11,GP,370.1,375.2,367.0,373.6,370.1,372.3,1458,109.067,293946,0.909425196115054,14.319999999999993
140,2021-01-12,GP,373.7,377.0,370.1,370.1,374.1,370.1,980,90.381,241589,0.8628224808688083,9.779999999999983
141,2021-01-13,GP,368.2,375.8,365.0,374.5,368.2,374.1,1013,132.44,357088,1.3600999022338338,9.219999999999981
142,2021-01-14,GP,373.9,379.7,370.0,370.0,373.9,368.2,966,104.7,279065,1.0789142845365924,9.079999999999984
143,2021-01-17,GP,376.2,379.7,370.0,375.4,376.2,373.9,1210,161.4,431772,1.349525408536626,9.579999999999984
144,2021-01-18,GP,384.1,391.0,376.3,377.0,384.1,376.2,2119,247.089,641212,1.6785709433295743,11.199999999999989
145,2021-01-19,GP,383.1,385.0,381.0,384.2,383.1,384.1,678,69.006,179962,0.48280590791103145,11.579999999999995
146,2021-01-20,GP,377.0,383.0,374.0,379.9,375.9,383.1,1325,120.151,318797,0.8553547681627004,11.439999999999998
147,2021-01-21,GP,373.2,377.2,372.5,377.0,373.2,375.9,802,55.163,147318,0.422504898063599,11.620000000000005
148,2021-01-24,GP,372.7,375.0,371.0,375.0,372.7,373.2,575,48.919,131387,0.4526787432818584,10.3
149,2021-01-25,GP,370.1,372.2,367.1,372.2,370.1,372.7,900,72.813,197142,0.9945718094696928,8.099999999999989
150,2021-01-26,GP,367.1,369.7,364.7,369.0,367.1,370.1,841,63.442,172940,0.8799460731009077,7.939999999999986
151,2021-01-27,GP,373.5,375.0,365.2,365.2,373.5,367.1,834,60.787,164378,1.0093350247738473,7.879999999999984
152,2021-01-28,GP,377.0,384.4,374.0,384.4,377.0,373.5,1463,133.821,354910,1.7618133560832265,9.21999999999997
153,2021-01-31,GP,374.0,384.0,370.0,380.0,371.9,377.0,1034,60.74,161356,0.775530320247802,11.039999999999974
154,2021-02-01,GP,370.3,373.0,368.0,371.0,370.3,371.9,733,49.102,132596,0.6673425896730563,11.619999999999981
155,2021-02-02,GP,370.1,372.0,368.6,370.1,369.3,370.3,615,55.938,151451,0.7760802246467696,10.699999999999978
156,2021-02-03,GP,378.0,379.0,369.1,369.7,376.4,369.3,986,83.378,222464,1.0885453249394876,10.71999999999997
157,2021-02-04,GP,383.2,384.0,377.1,379.9,383.2,376.4,1765,192.794,506632,2.1811644703497213,10.199999999999978
158,2021-02-07,GP,379.0,385.0,378.5,385.0,379.0,383.2,959,75.507,198650,0.8266242481701003,9.119999999999981
159,2021-02-08,GP,369.0,378.0,365.0,376.8,367.7,379.0,1339,89.221,239813,0.8978882452630434,10.95999999999998
160,2021-02-09,GP,375.3,376.8,367.7,367.7,375.3,367.7,916,90.789,244947,0.8537791829434125,12.539999999999987
161,2021-02-10,GP,378.9,383.1,375.5,377.7,378.9,375.3,1667,121.375,318497,1.065279820813571,13.639999999999997
162,2021-02-11,GP,372.8,379.8,371.0,375.1,372.8,378.9,956,95.866,256148,1.013901404101041,12.460000000000003
163,2021-02-14,GP,370.0,373.8,368.0,373.0,371.6,372.8,897,69.759,188425,0.7468683754095201,12.919999999999993
164,2021-02-15,GP,375.0,379.0,370.1,374.0,375.0,371.6,850,99.798,267266,1.0448148714265675,11.059999999999992
165,2021-02-16,GP,371.6,379.0,370.5,377.9,371.6,375.0,1296,127.773,341979,1.2415487852988216,10.49999999999999
166,2021-02-17,GP,0.0,0.0,0.0,0.0,371.6,371.6,0,0.0,0,0.0,82.41999999999999
167,2021-02-18,GP,354.3,362.0,353.5,360.0,354.5,371.6,1779,111.973,313017,1.3678497347930505,84.27999999999999
168,2021-02-22,GP,343.6,359.7,342.9,359.7,343.6,354.5,1395,85.146,246617,1.0024488450399114,87.84
169,2021-02-23,GP,340.6,350.0,338.0,349.0,340.6,343.6,1136,78.764,229586,0.9756327169669222,89.36
170,2021-02-24,GP,342.9,345.2,339.5,341.0,341.6,340.6,891,57.181,167465,0.8584085941440684,88.8
171,2021-02-25,GP,338.8,345.7,338.0,345.7,338.8,341.6,1519,90.715,265954,1.070310232456068,15.339999999999998
172,2021-02-28,GP,338.3,342.9,336.5,339.2,338.3,338.8,864,39.771,116987,0.5656086717845593,12.99999999999999
173,2021-03-01,GP,338.0,342.5,336.0,342.5,336.7,338.3,1028,82.687,244826,1.1842271094586931,8.55999999999998
174,2021-03-02,GP,340.6,342.5,339.0,341.0,340.7,336.7,785,61.891,181930,0.9314060407229605,6.099999999999977
175,2021-03-03,GP,341.1,345.0,340.1,341.5,341.1,340.7,662,29.841,87091,0.48934914153588815,6.6199999999999815
176,2021-03-04,GP,340.3,344.1,338.5,344.1,340.3,341.1,753,36.082,105919,0.7208557089886204,6.199999999999989
177,2021-03-07,GP,343.8,344.0,340.3,340.3,343.8,340.3,680,36.916,107618,0.7460279608919353,5.659999999999991
178,2021-03-08,GP,352.3,354.5,342.0,343.8,352.3,343.8,2037,176.365,505236,2.585276829035899,7.199999999999989
179,2021-03-09,GP,349.4,359.0,348.0,355.0,349.4,352.3,2243,138.204,393052,1.6555025298988042,9.399999999999988
180,2021-03-10,GP,345.6,352.0,344.9,352.0,345.6,349.4,1229,70.506,203256,0.7695934927402401,9.219999999999994
181,2021-03-11,GP,346.6,348.5,345.0,345.6,346.6,345.6,725,36.403,105026,0.39707107859177915,8.979999999999984
182,2021-03-14,GP,348.9,350.0,346.6,346.7,348.9,346.6,739,42.935,123264,0.46225019540796664,9.119999999999981
183,2021-03-15,GP,346.8,351.9,346.0,347.0,346.8,348.9,507,33.524,96324,0.5212518502854726,7.4599999999999795
184,2021-03-16,GP,345.5,349.2,343.1,346.0,345.5,346.8,546,29.418,84980,0.6912578835073736,5.639999999999975
185,2021-03-18,GP,344.1,348.0,342.4,344.8,344.1,345.5,640,49.207,142995,1.2848652911163683,5.279999999999973
186,2021-03-21,GP,339.5,344.0,337.8,342.0,339.5,344.1,899,108.148,317649,2.054233527838561,5.939999999999975
187,2021-03-22,GP,341.7,342.3,338.0,339.0,341.7,339.5,665,39.476,116120,0.7598172250387838,6.279999999999984
188,2021-03-23,GP,341.8,344.6,340.0,341.7,341.8,341.7,374,27.434,80136,0.5407141984287478,6.119999999999993
189,2021-03-24,GP,339.6,344.0,338.3,344.0,339.6,341.8,607,52.078,153428,0.942271018263535,6.039999999999997
190,2021-03-25,GP,340.0,342.3,336.0,341.9,337.7,339.6,598,40.887,120581,0.7627517041447934,6.179999999999995
191,2021-03-28,GP,337.7,339.0,335.0,338.0,337.7,337.7,662,29.578,87695,0.7806157727774171,5.560000000000002
192,2021-03-29,GP,336.5,340.0,336.0,340.0,336.5,337.7,917,44.921,133102,1.1524233188642266,5.139999999999998
193,2021-03-31,GP,328.5,335.6,328.0,334.5,328.5,336.5,1539,120.228,363649,2.0895262989586083,6.059999999999991
194,2021-04-01,GP,325.5,330.0,323.1,330.0,325.5,328.5,797,56.297,172688,0.964283634395415,7.599999999999989
195,2021-04-04,GP,319.1,321.9,315.1,320.0,319.1,325.5,984,87.155,273113,1.2885927275200413,9.019999999999982
196,2021-04-05,GP,322.0,324.0,318.0,319.1,319.7,319.1,591,60.1,187405,0.8150235556724826,9.599999999999977
197,2021-04-06,GP,331.4,332.0,322.0,322.0,331.4,319.7,362,21.939,66425,0.3172952600233138,11.379999999999972
198,2021-04-07,GP,335.2,337.2,334.2,336.5,335.2,331.4,371,22.483,67041,0.45333381725503474,12.939999999999975
199,2021-04-08,GP,333.6,339.0,325.0,325.0,333.6,335.2,380,18.993,56886,0.4507760953149475,13.05999999999998
200,2021-04-11,GP,326.8,330.0,325.4,328.0,326.8,333.6,423,32.116,98091,1.0317995772050554,12.339999999999986
201,2021-04-12,GP,331.1,332.1,328.2,330.0,331.1,326.8,435,23.134,70085,0.9747608814730544,11.919999999999993
202,2021-04-13,GP,335.1,337.0,327.4,330.0,335.1,331.1,491,22.681,68056,0.9497349401626372,11.379999999999995
203,2021-04-15,GP,338.2,342.0,335.0,342.0,338.2,335.1,254,11.605,34371,0.5346497249583061,10.059999999999992
204,2021-04-18,GP,342.7,343.9,336.1,343.9,342.0,338.2,379,21.642,63441,0.9733040709492886,9.019999999999982
205,2021-04-19,GP,343.9,345.0,340.2,341.9,343.9,342.0,441,21.428,62409,1.0661757388794904,8.419999999999982
206,2021-04-20,GP,339.4,341.9,336.1,336.3,339.4,343.9,913,53.032,156714,2.0336227260177315,8.519999999999971
207,2021-04-21,GP,336.9,340.3,336.3,340.2,336.9,339.4,511,35.022,103763,1.2268705028410485,7.999999999999966
208,2021-04-22,GP,337.0,340.2,336.5,337.1,337.0,336.9,396,26.934,79575,0.8520290020119198,6.5599999999999685
209,2021-04-25,GP,339.2,341.0,337.3,337.3,339.2,337.0,322,23.965,70545,0.7471271534658097,5.6199999999999815
210,2021-04-26,GP,340.2,341.0,338.5,339.0,340.2,339.2,302,22.447,66064,0.6953841387856259,5.059999999999979
211,2021-04-27,GP,338.8,340.4,337.0,340.0,338.8,340.2,374,36.177,106906,1.2514095956276592,4.559999999999979
212,2021-04-28,GP,339.8,341.0,335.0,338.8,339.8,338.8,344,27.645,81472,1.0077058789221975,4.239999999999986
213,2021-04-29,GP,339.0,341.0,338.4,341.0,339.0,339.8,340,35.812,105503,1.2260520657874916,4.019999999999993
214,2021-05-02,GP,341.0,343.0,338.0,341.0,341.0,339.0,294,18.016,52936,0.6429830760116205,4.199999999999989
215,2021-05-03,GP,339.5,342.0,338.8,342.0,339.5,341.0,477,38.156,112317,1.2244714580953238,4.039999999999987
216,2021-05-04,GP,337.0,340.0,336.0,339.5,337.0,339.5,778,47.521,140817,1.4215076278791507,4.3599999999999905
217,2021-05-05,GP,334.7,340.0,334.2,337.0,334.7,337.0,1406,87.424,260498,1.92624124726236,4.319999999999993
218,2021-05-06,GP,335.0,337.0,332.0,335.0,333.2,334.7,1642,111.917,334956,1.8466079713827492,4.799999999999988
219,2021-05-09,GP,338.7,339.9,333.3,335.0,338.7,333.2,573,28.367,84444,0.4525902643713005,5.1199999999999815
220,2021-05-11,GP,346.2,349.0,339.0,340.0,346.2,338.7,1506,108.221,316247,1.4111487808058416,7.639999999999986
221,2021-05-12,GP,346.6,348.4,343.1,346.2,346.6,346.2,781,48.966,141760,0.6360955585289494,8.579999999999984
222,2021-05-16,GP,343.4,346.9,341.1,346.6,343.4,346.6,899,43.07,124774,0.6323761309210932,8.579999999999973
223,2021-05-17,GP,344.2,344.9,341.2,344.5,344.2,343.4,1351,63.427,184771,1.0858891084091475,8.659999999999979
224,2021-05-18,GP,344.0,345.0,342.2,342.2,344.0,344.2,529,35.077,102154,0.5870411466021335,7.899999999999989
225,2021-05-19,GP,342.6,345.8,341.6,344.1,342.6,344.0,776,94.184,274383,1.6539525997105968,5.579999999999984
226,2021-05-20,GP,340.0,343.0,338.0,343.0,339.1,342.6,861,72.307,212276,1.1735672666482724,4.8399999999999865
227,2021-05-23,GP,340.0,343.0,337.8,342.9,340.0,339.1,388,23.618,69708,0.40916382837917903,4.7199999999999935
228,2021-05-24,GP,343.1,344.8,339.2,340.5,343.1,340.0,564,54.444,159432,0.9735006973500697,4.779999999999984
229,2021-05-25,GP,342.5,345.0,340.1,341.1,341.1,343.1,496,33.203,97009,0.5977008597474043,5.219999999999982
230,2021-05-27,GP,346.7,349.0,340.1,344.8,346.7,341.1,852,67.235,194847,1.3403732750680801,6.15999999999998
231,2021-05-30,GP,345.0,348.4,344.0,348.4,345.0,346.7,700,43.205,125151,0.9743803703119011,6.419999999999971
232,2021-05-31,GP,345.4,347.0,343.3,345.5,346.3,345.0,1077,64.101,185762,1.2224243672479291,6.119999999999971
233,2021-06-01,GP,346.4,347.5,346.1,346.3,346.4,346.3,996,67.521,194622,1.2264726717890033,5.479999999999973
234,2021-06-02,GP,346.8,347.4,343.4,346.5,346.8,346.4,372,22.426,64893,0.42395118114999547,5.279999999999973
235,2021-06-03,GP,352.5,355.0,345.4,346.9,352.5,346.8,1057,90.029,256140,1.5669098655676306,5.419999999999982
236,2021-06-06,GP,350.3,352.4,348.0,351.9,350.3,352.5,640,40.672,115940,0.7141728329160066,5.079999999999984
237,2021-06-07,GP,346.7,350.7,346.1,349.5,346.7,350.3,735,46.115,132847,0.8643440057279309,5.6199999999999815
238,2021-06-08,GP,346.9,348.0,343.3,345.0,346.9,346.7,417,30.486,88198,0.6635238194734643,6.519999999999982
239,2021-06-09,GP,348.7,349.7,346.9,346.9,349.0,346.9,645,62.301,178534,1.1554211192011958,6.319999999999982
240,2021-06-10,GP,352.6,353.0,346.0,347.1,352.6,349.0,734,87.516,250068,1.6383241603953722,5.799999999999978
241,2021-06-13,GP,351.0,353.4,348.1,351.0,352.6,352.6,617,42.987,122599,0.7978137005623502,5.739999999999975
242,2021-06-14,GP,347.4,352.8,346.9,352.8,347.4,352.6,606,38.202,109736,0.7304621173879124,5.639999999999986
243,2021-06-15,GP,344.1,349.0,343.2,347.4,344.1,347.4,1186,66.966,193902,1.1236961862188395,6.119999999999993
244,2021-06-16,GP,343.2,348.1,342.3,348.0,343.2,344.1,720,47.111,136654,0.8329914916791025,6.679999999999995
245,2021-06-17,GP,345.0,347.0,343.6,343.6,344.1,343.2,364,13.066,37874,0.31358600695044453,5.959999999999991
246,2021-06-20,GP,343.3,345.8,343.0,344.1,343.3,344.1,586,45.543,132406,1.0797911687720496,5.460000000000003
247,2021-06-21,GP,343.1,345.6,342.7,344.0,343.1,343.3,969,69.624,202384,1.436672031694936,4.860000000000002
248,2021-06-22,GP,345.2,347.0,343.4,344.9,345.2,343.1,1138,70.123,203236,1.4283590054874995,3.719999999999993
249,2021-06-23,GP,346.9,348.0,345.0,345.2,346.9,345.2,439,34.019,98056,0.7319849381387842,3.5399999999999863
250,2021-06-24,GP,346.2,348.0,344.3,346.2,346.2,346.9,487,50.413,145683,0.9345363003388675,3.5999999999999885
251,2021-06-27,GP,345.9,347.7,344.0,344.0,345.9,346.2,632,59.761,172790,1.052352609706276,3.7799999999999843
252,2021-06-28,GP,346.3,347.5,344.3,345.0,346.3,345.9,507,21.576,62230,0.4573279297305547,3.839999999999975
253,2021-06-29,GP,347.5,349.0,345.0,346.2,347.5,346.3,607,41.007,118231,0.9915802607652724,3.8999999999999773
254,2021-06-30,GP,349.4,352.0,346.5,346.9,349.4,347.5,915,71.138,203236,1.4583734803911519,4.059999999999979
255,2021-07-05,GP,348.4,349.9,346.0,349.4,348.4,349.4,805,44.75,128811,0.9392105174787602,4.099999999999977
256,2021-07-06,GP,347.9,350.3,346.3,348.4,347.9,348.4,568,40.245,115496,0.9200287130342544,4.15999999999998
257,2021-07-07,GP,349.5,350.8,346.8,347.7,349.5,347.9,663,55.819,160098,1.1033210915602925,4.319999999999982
258,2021-07-08,GP,351.8,352.9,349.1,350.0,351.8,349.5,625,55.409,157907,1.0362206903774298,4.519999999999982
259,2021-07-12,GP,355.4,357.5,353.0,356.5,355.4,351.8,966,93.316,261955,1.6114582146101217,4.979999999999984
260,2021-07-13,GP,358.2,362.0,355.4,357.4,358.2,355.4,969,97.549,271459,1.4247468875789424,6.239999999999986
261,2021-07-14,GP,355.2,360.0,353.2,358.2,355.2,358.2,508,37.717,105681,0.5549718960595627,6.799999999999988
262,2021-07-15,GP,356.6,359.0,355.0,359.0,356.6,355.2,811,59.326,166416,0.8640119772688216,6.799999999999988
263,2021-07-18,GP,361.9,362.9,356.5,358.0,361.9,356.6,1000,79.53,221463,1.0822233955116238,7.3399999999999865
264,2021-07-19,GP,365.7,366.4,362.5,364.0,365.7,361.9,839,78.284,214729,1.110707536194049,7.699999999999977
265,2021-07-25,GP,363.7,365.1,361.0,365.0,363.7,365.7,581,45.482,125307,0.7571777225069005,6.479999999999984
266,2021-07-26,GP,366.5,367.4,363.0,363.5,366.5,363.7,608,88.397,241600,1.2591483651882092,5.999999999999977
267,2021-07-27,GP,369.2,371.0,365.0,369.5,369.2,366.5,760,64.021,174149,0.8998942971038532,6.65999999999998
268,2021-07-28,GP,374.6,375.8,365.0,365.0,374.6,369.2,1128,102.574,275169,1.3540836101151656,7.279999999999984
269,2021-07-29,GP,379.3,380.0,372.3,375.0,379.3,374.6,1280,124.422,329621,1.4641465205603252,7.479999999999995
270,2021-08-02,GP,370.7,380.0,369.5,380.0,370.7,379.3,1628,184.215,490926,1.634186672438785,8.759999999999991
271,2021-08-03,GP,368.3,372.0,365.2,372.0,368.3,370.7,1345,102.656,279555,0.8881997895786035,10.7
272,2021-08-05,GP,369.6,371.7,366.2,368.0,369.6,368.3,1436,188.986,511425,1.344420526055946,10.339999999999998
273,2021-08-09,GP,0.0,0.0,0.0,0.0,369.6,369.6,0,0.0,0,0.0,81.84
274,2021-08-10,GP,360.9,364.6,360.1,361.0,360.9,369.6,1781,128.522,355018,1.063256665105836,81.58
275,2021-08-11,GP,366.0,369.0,356.2,360.0,366.0,360.9,1566,165.774,459646,1.4146035928716008,82.16
276,2021-08-12,GP,363.0,366.0,360.5,366.0,363.0,366.0,679,58.018,160099,0.5359135414742288,80.44
277,2021-08-16,GP,360.8,365.9,359.1,365.9,360.8,363.0,596,56.172,155546,0.6875633436641647,80.72
278,2021-08-17,GP,359.1,362.9,358.3,361.0,359.1,360.8,690,47.74,132734,0.523205604240004,7.9999999999999885
279,2021-08-18,GP,359.7,361.0,359.2,359.2,359.7,359.1,508,30.912,85872,0.43099025141098,6.459999999999991
280,2021-08-19,GP,359.4,364.0,358.3,359.8,359.4,359.7,499,39.777,110799,0.8549817512756911,4.919999999999982
281,2021-08-22,GP,363.9,365.7,358.2,362.9,363.9,359.4,786,99.993,276243,1.8207426236552875,5.319999999999982
282,2021-08-23,GP,365.8,366.5,362.5,364.0,365.8,363.9,392,34.237,93813,0.6775337510241076,5.3599999999999905
283,2021-08-24,GP,369.3,369.7,364.0,365.0,369.3,365.8,609,38.985,105928,0.7991873852007347,5.579999999999996
284,2021-08-25,GP,368.0,370.0,367.0,369.9,367.5,369.3,454,24.474,66406,0.5153158767992049,6.059999999999991
285,2021-08-26,GP,367.6,368.0,364.0,365.1,364.9,367.5,539,53.672,146656,1.0676278340713157,5.979999999999995
286,2021-08-29,GP,361.0,367.0,360.0,367.0,360.5,364.9,676,43.204,119439,1.1102316880126637,5.979999999999995
287,2021-08-31,GP,362.6,366.0,360.0,360.5,362.6,360.5,881,112.837,311719,2.0653105003441055,5.759999999999991
288,2021-09-01,GP,362.1,366.0,361.8,364.9,362.1,362.6,550,37.978,104737,0.6977017617989089,5.699999999999989
289,2021-09-02,GP,362.0,365.0,362.0,362.5,362.3,362.1,657,62.396,172022,1.0061047383476251,5.459999999999991
290,2021-09-05,GP,368.4,368.4,363.3,363.3,367.2,362.3,894,102.607,279792,1.4289792826066372,5.65999999999998
291,2021-09-06,GP,372.5,373.2,368.8,369.9,372.5,367.2,966,114.63,308536,1.3315197189904473,6.339999999999975
292,2021-09-07,GP,380.5,383.0,372.3,372.5,380.5,372.5,1308,163.289,432286,1.6977438136826783,8.299999999999978
293,2021-09-08,GP,384.3,387.9,379.4,381.0,384.3,380.5,1588,151.403,394381,1.2737391158036426,10.279999999999973
294,2021-09-09,GP,386.5,388.9,376.0,384.3,386.5,384.3,971,101.028,262809,0.7980636915303885,12.259999999999968
295,2021-09-12,GP,387.8,396.8,386.0,386.0,387.8,386.5,1029,157.211,402915,1.1432512897037501,13.499999999999977
296,2021-09-13,GP,386.2,389.7,380.0,389.7,386.2,387.8,876,72.873,189144,0.5642036902837394,13.25999999999998
297,2021-09-14,GP,379.7,386.2,378.5,385.2,379.7,386.2,1609,152.405,398387,1.200190575190575,11.95999999999998
298,2021-09-15,GP,379.2,379.9,374.1,379.0,379.2,379.7,1231,126.784,336426,1.038700575617605,11.299999999999978
299,2021-09-16,GP,384.5,385.3,377.6,379.2,384.5,379.2,1018,105.872,276299,0.8605450747384763,10.25999999999998
300,2021-09-19,GP,382.0,385.0,381.1,384.9,382.0,384.5,586,26.317,68810,0.27172891744157474,8.919999999999982
301,2021-09-20,GP,380.4,383.0,378.0,380.0,380.4,382.0,984,96.114,252855,0.9469508878957696,8.279999999999983
302,2021-09-21,GP,383.7,385.0,378.1,381.0,383.7,380.4,871,91.366,239709,1.023243208131651,7.799999999999978
303,2021-09-22,GP,383.3,385.0,382.0,383.6,383.3,383.7,718,65.807,171749,0.8535810270937749,6.299999999999988
304,2021-09-23,GP,381.4,383.9,380.0,383.9,381.4,383.3,437,49.648,130060,0.7539513807053564,5.539999999999987
305,2021-09-26,GP,380.9,382.0,379.0,381.0,380.9,381.4,780,64.102,168618,0.8732362132428065,5.239999999999986
306,2021-09-27,GP,383.0,384.0,379.2,379.2,383.0,380.9,624,88.695,232438,1.2331835447613857,4.899999999999989
307,2021-09-28,GP,381.8,384.9,381.1,384.9,381.8,383.0,633,65.441,171420,0.980556979019638,4.319999999999993
308,2021-09-29,GP,380.5,384.0,379.0,381.2,380.6,381.8,823,83.207,218538,1.1849709336272725,4.399999999999989
309,2021-09-30,GP,380.2,383.5,379.0,380.6,380.2,380.6,719,103.324,271978,1.2763329207523304,4.519999999999993
310,2021-10-03,GP,377.9,381.9,377.0,380.2,377.9,380.2,752,70.858,187070,0.8609197497114391,4.639999999999986
311,2021-10-04,GP,378.1,380.1,376.1,380.0,378.1,377.9,1018,136.777,362425,1.4879777723141725,4.499999999999977
312,2021-10-05,GP,380.0,380.0,376.1,378.2,379.0,378.1,707,82.913,219389,0.8689650980235977,4.479999999999973
313,2021-10-06,GP,374.9,384.8,373.6,384.8,374.9,379.0,815,89.501,237753,0.9257964346374332,5.71999999999997
314,2021-10-07,GP,373.5,376.8,369.1,376.8,373.5,374.9,1041,117.204,314343,1.1785147600919452,6.799999999999966
315,2021-10-10,GP,372.3,374.0,372.1,372.3,372.3,373.5,649,39.168,105096,0.4206519848011977,6.379999999999962
316,2021-10-11,GP,370.1,373.0,370.0,372.4,370.5,372.3,917,69.16,186431,0.8689621204887095,6.259999999999968
317,2021-10-12,GP,368.3,370.3,367.9,370.1,368.3,370.5,1073,129.173,349894,1.4539763082893973,6.35999999999998
318,2021-10-13,GP,366.9,370.0,366.1,368.3,366.2,368.3,1046,74.263,202277,0.8656006974879246,4.999999999999977
319,2021-10-14,GP,366.9,370.0,365.2,368.0,366.9,366.2,621,45.669,124316,0.638847000696634,3.979999999999984
320,2021-10-17,GP,368.6,370.3,365.0,367.1,368.6,366.9,683,43.294,117700,0.5987127965283675,4.479999999999995
321,2021-10-18,GP,363.5,369.2,361.0,369.0,363.5,368.6,743,84.934,232734,1.125451524250463,5.419999999999993
322,2021-10-19,GP,361.7,368.7,359.2,359.2,361.7,363.5,728,62.076,171317,1.0004641627664101,6.439999999999986
323,2021-10-21,GP,365.5,366.9,361.0,362.1,365.5,361.7,396,24.752,67916,0.4746763831623358,6.739999999999986
324,2021-10-24,GP,360.0,364.0,359.0,363.8,360.0,365.5,643,30.919,85790,0.6284988311820306,6.779999999999984
325,2021-10-25,GP,357.7,360.9,356.0,360.0,357.4,360.0,908,56.046,156749,1.083110769266447,7.6199999999999815
326,2021-10-26,GP,351.5,357.0,347.0,357.0,351.5,357.4,1838,80.066,228382,1.5769777711249158,8.579999999999984
327,2021-10-27,GP,353.7,356.0,349.6,356.0,353.7,351.5,1353,78.483,222997,1.4519584409433668,8.239999999999975
328,2021-10-28,GP,355.2,359.0,353.7,353.9,355.2,353.7,692,38.643,109009,0.6799586144279394,8.55999999999998
329,2021-10-31,GP,358.5,361.1,357.0,358.0,358.5,355.2,862,47.16,131293,0.7849586215620609,9.039999999999987
330,2021-11-01,GP,353.9,359.9,350.2,359.0,353.9,358.5,837,53.151,149124,0.893285109729986,9.079999999999984
331,2021-11-02,GP,356.8,364.0,354.1,364.0,356.6,353.9,788,45.042,126527,0.8580114980627023,8.45999999999998
332,2021-11-03,GP,353.4,356.6,353.1,356.6,353.4,356.6,464,15.276,43124,0.38329519450800914,7.599999999999989
333,2021-11-04,GP,354.7,359.8,352.0,352.2,354.7,353.4,438,22.014,62324,0.602651073405496,7.659999999999991
334,2021-11-07,GP,355.1,356.1,355.0,355.8,355.1,354.7,281,13.797,38819,0.4621181672025723,6.7199999999999935
335,2021-11-08,GP,355.9,357.5,353.0,355.0,355.9,355.1,542,20.31,57082,0.8721304717491563,5.679999999999995
336,2021-11-09,GP,354.8,357.0,354.4,355.5,354.8,355.9,621,34.565,97283,1.6310092297238632,4.220000000000004
337,2021-11-10,GP,355.1,356.8,354.0,356.0,355.1,354.8,430,19.582,55141,0.8879275945877317,4.080000000000007
338,2021-11-11,GP,359.1,362.0,354.7,354.7,359.1,355.1,568,42.065,117381,1.6139242934644988,3.9800000000000066
339,2021-11-14,GP,360.2,363.7,359.0,361.9,360.2,359.1,340,9.458,26231,0.37537704397523414,5.159999999999991
340,2021-11-15,GP,359.3,362.4,358.8,360.2,359.3,360.2,524,29.91,82849,1.1030387962826378,4.979999999999984
341,2021-11-16,GP,361.7,363.7,359.0,361.9,361.7,359.3,356,26.699,74018,1.0452652019355748,5.399999999999977
342,2021-11-17,GP,360.5,363.0,358.7,361.0,360.5,361.7,386,20.985,58320,0.8126350519296451,5.699999999999977
343,2021-11-18,GP,361.2,363.0,359.5,362.0,360.6,360.5,312,14.98,41598,0.7340834248079033,4.939999999999975
344,2021-11-21,GP,359.8,364.7,358.5,360.5,359.8,360.6,411,16.032,44537,0.7380807690182863,4.4599999999999795
345,2021-11-22,GP,359.9,361.4,359.0,360.0,359.9,359.8,378,17.169,47698,0.8954780159599436,4.219999999999982
346,2021-11-23,GP,361.0,362.5,359.0,359.0,361.1,359.9,358,16.024,44458,0.9404859725319874,3.979999999999984
347,2021-11-24,GP,360.0,362.4,359.2,359.6,360.3,361.1,336,22.652,62910,1.3039824078658024,3.7599999999999794
348,2021-11-25,GP,360.6,362.5,359.0,360.1,360.6,360.3,389,28.941,80131,1.4353091709813723,3.7599999999999794
349,2021-11-28,GP,359.1,361.1,358.7,360.0,360.3,360.6,366,17.851,49512,0.8696181688864639,2.9999999999999885
350,2021-11-29,GP,359.9,361.4,359.2,360.4,359.9,360.3,204,10.76,29897,0.5590888306937689,2.959999999999991
351,2021-11-30,GP,348.3,363.0,346.0,363.0,348.3,359.9,1676,97.87,278783,2.748014870222492,5.659999999999991
352,2021-12-01,GP,356.0,359.0,351.5,359.0,355.8,348.3,599,33.756,95510,0.8921756229582721,6.699999999999989
353,2021-12-02,GP,358.7,359.8,353.0,355.0,358.7,355.8,713,45.171,126718,1.0995433478735006,8.299999999999988
354,2021-12-05,GP,362.0,362.2,358.5,359.0,362.0,358.7,550,13.29,36764,0.3308488550986572,9.099999999999977
355,2021-12-06,GP,360.7,363.0,360.0,362.8,360.7,362.0,384,15.748,43593,0.3825394126363349,9.519999999999982
356,2021-12-07,GP,361.4,362.5,360.2,361.9,360.9,360.7,267,15.912,44063,0.6422499737642986,6.579999999999984
357,2021-12-08,GP,359.8,362.2,358.6,362.2,359.8,360.9,237,12.548,34812,0.6110900076946303,5.6199999999999815
358,2021-12-09,GP,359.3,361.8,358.0,361.8,359.3,359.8,443,16.125,44801,1.0951061488936882,4.079999999999984
359,2021-12-12,GP,358.8,360.8,357.1,360.0,358.8,359.3,724,30.06,83570,1.6627393714115029,3.5399999999999863
360,2021-12-13,GP,358.0,360.0,357.6,358.0,358.7,358.8,622,41.751,116383,1.793489466991993,3.1599999999999797
361,2021-12-14,GP,354.6,359.5,353.0,358.0,354.6,358.7,664,34.302,96266,1.2724615316130756,3.9999999999999774
362,2021-12-15,GP,355.2,357.4,354.0,357.3,355.2,354.6,530,29.07,81866,0.9606233642636213,4.219999999999982
363,2021-12-19,GP,353.2,354.4,352.7,352.8,353.2,355.2,695,24.596,69636,0.7696881317319547,3.8399999999999865
364,2021-12-20,GP,349.3,353.2,346.6,353.2,349.3,353.2,1371,60.907,173875,1.5975522751356062,4.819999999999982
365,2021-12-21,GP,349.4,351.8,348.3,350.5,349.4,349.3,878,36.149,103348,0.9768732704946385,5.319999999999982
366,2021-12-22,GP,349.9,352.0,349.0,351.9,349.9,349.4,418,28.753,82175,0.8010307842317872,4.6199999999999815
367,2021-12-23,GP,350.3,351.0,348.2,349.9,350.3,349.9,736,39.524,112935,1.0404940793665003,4.239999999999986
368,2021-12-26,GP,350.0,351.5,347.0,350.0,350.0,350.3,544,22.358,64266,0.595606608734569,4.759999999999979
369,2021-12-27,GP,349.1,350.3,348.5,348.5,349.1,350.0,429,18.657,53424,0.6413941048260119,3.399999999999989
370,2021-12-28,GP,350.0,351.0,349.2,349.2,350.0,349.1,529,19.512,55768,0.757429893481569,2.7799999999999954
371,2021-12-29,GP,348.4,351.4,348.0,350.0,348.4,350.0,431,18.028,51657,0.7633872238077897,2.859999999999991
372,2021-12-30,GP,349.5,351.8,348.5,348.5,349.5,348.4,393,21.976,62763,1.0929961902298793,2.959999999999991
373,2022-01-02,GP,349.6,350.9,349.1,350.0,349.6,349.5,235,12.082,34527,0.6693257991247024,2.5599999999999907
374,2022-01-03,GP,347.8,353.0,346.1,350.6,347.8,349.6,704,53.48,153227,2.1378659716337007,3.579999999999984
375,2022-01-04,GP,349.2,349.5,347.8,347.8,349.2,347.8,342,19.061,54663,0.7647219302398357,3.579999999999984
376,2022-01-05,GP,346.4,350.3,346.0,350.3,346.4,349.2,1169,65.95,189855,1.9110513535285631,3.759999999999991
377,2022-01-06,GP,348.3,350.0,345.2,346.5,348.3,346.4,1081,58.546,168718,1.3998249800352909,4.059999999999991
378,2022-01-09,GP,350.6,354.9,349.5,350.1,350.6,348.3,683,37.306,106027,0.7959700097720008,5.259999999999991
379,2022-01-10,GP,350.0,350.7,348.0,350.1,350.0,350.6,618,44.059,126170,0.9794284240759018,4.419999999999993
380,2022-01-11,GP,353.4,355.9,350.0,350.0,353.4,350.0,640,42.714,120840,0.8591773106708237,5.239999999999986
381,2022-01-12,GP,357.1,359.9,354.0,354.0,357.1,353.4,980,64.694,180605,1.3079059837699487,6.35999999999998
382,2022-01-13,GP,359.3,360.4,357.0,357.1,359.3,357.1,663,52.054,144823,1.080734303047416,6.799999999999978
383,2022-01-16,GP,359.4,360.8,358.6,359.9,359.4,359.3,628,39.576,110161,0.8139960591862507,5.839999999999975
384,2022-01-17,GP,359.5,360.0,358.1,360.0,359.5,359.4,368,18.77,52264,0.4308840813927862,5.679999999999973
385,2022-01-18,GP,358.6,360.0,358.1,360.0,358.6,359.5,410,16.598,46287,0.43293408175615045,4.879999999999972
386,2022-01-19,GP,359.3,359.5,358.6,358.6,359.0,358.6,334,18.204,50696,0.6268508698227298,3.0799999999999725
387,2022-01-20,GP,357.3,360.0,356.0,359.2,357.3,359.0,442,39.45,110033,1.4875789981749346,2.479999999999973
388,2022-01-23,GP,358.8,359.3,355.0,356.2,358.8,357.3,289,20.74,57877,0.9115521879010564,2.5999999999999774
389,2022-01-24,GP,359.0,360.0,358.5,359.8,359.0,358.8,370,20.804,57929,0.8983039137794051,2.7599999999999794
390,2022-01-25,GP,355.2,359.4,355.0,359.0,355.2,359.0,528,26.785,75180,1.063040251462499,3.2599999999999794
391,2022-01-26,GP,355.6,358.0,354.6,356.0,355.4,355.2,396,16.75,47114,0.6725341085209068,3.9599999999999795
392,2022-01-27,GP,351.4,355.0,350.0,351.4,351.4,355.4,1082,59.125,168166,2.0500471554187123,4.199999999999977
393,2022-01-30,GP,354.0,355.8,351.5,352.0,354.0,351.4,475,22.812,64732,0.7797588121086165,4.199999999999977
394,2022-01-31,GP,355.9,356.7,353.0,356.2,355.9,354.0,344,15.995,45035,0.5653261891465854,4.719999999999982
395,2022-02-01,GP,354.6,356.9,354.1,356.9,354.6,355.9,402,10.575,29764,0.42213209640978144,4.419999999999982
396,2022-02-02,GP,355.2,355.9,354.6,355.0,355.2,354.6,394,18.82,52959,0.7390419942353154,3.799999999999977
397,2022-02-03,GP,355.2,356.9,354.5,356.9,355.2,355.2,450,19.514,54936,1.1123398239773816,3.239999999999975
398,2022-02-06,GP,357.9,358.2,354.2,354.5,357.9,355.2,373,19.605,54848,1.1599356281579476,3.1799999999999726
399,2022-02-07,GP,355.8,358.0,354.7,355.3,355.8,357.9,615,45.301,127292,1.9901155383736768,2.7799999999999727
400,2022-02-08,GP,358.2,358.5,355.8,357.4,358.2,355.8,584,31.149,87082,1.1589118156992015,2.739999999999975
401,2022-02-09,GP,357.9,359.5,356.5,359.5,357.9,358.2,555,19.239,53828,0.7135704112515578,3.219999999999982
402,2022-02-10,GP,358.0,358.5,355.0,357.0,358.0,357.9,496,20.06,56065,0.741019844260236,3.439999999999986
403,2022-02-13,GP,358.6,358.6,357.0,358.0,357.9,358.0,675,22.194,61984,0.8044627128596593,2.959999999999991
404,2022-02-14,GP,357.5,359.5,357.3,358.0,357.6,357.9,710,36.368,101486,1.4095031392915278,2.7399999999999864
405,2022-02-15,GP,357.9,359.5,357.0,358.0,357.9,357.6,706,54.649,152373,1.7916530063602387,2.6999999999999886
406,2022-02-16,GP,357.7,358.0,356.2,357.0,357.7,357.9,683,40.09,112177,1.156257751166641,2.319999999999993
407,2022-02-17,GP,356.8,358.0,354.6,357.0,356.8,357.7,1023,43.067,120936,1.0965890572802086,2.2999999999999887
408,2022-02-20,GP,354.0,358.8,352.3,358.8,354.6,356.8,760,37.952,106818,0.8945626655855481,3.2799999999999843
409,2022-02-22,GP,355.4,356.2,354.2,355.8,355.4,354.6,897,56.284,158411,1.2127976831780456,3.359999999999991
410,2022-02-23,GP,0.0,0.0,0.0,0.0,355.4,355.4,0,0.0,0,0.0,73.78
411,2022-02-24,GP,341.9,349.3,340.2,349.3,341.9,355.4,1341,63.359,184963,1.5787493396856405,76.46
412,2022-02-27,GP,343.8,347.7,336.0,345.0,340.9,341.9,516,21.064,62001,0.5895029077740276,79.66
413,2022-02-28,GP,340.0,344.3,339.5,340.5,340.0,340.9,817,33.162,97320,0.9536490116121907,79.32
414,2022-03-01,GP,340.3,341.6,340.0,340.0,340.3,340.0,577,23.399,68695,0.8298459399648186,79.11999999999999
415,2022-03-02,GP,335.1,340.5,333.4,340.5,335.1,340.3,838,43.982,130682,1.1889212071407718,9.619999999999994
416,2022-03-03,GP,328.8,338.7,327.5,338.7,328.8,335.1,1085,66.843,201798,1.7734942955691166,9.139999999999997
417,2022-03-06,GP,323.1,333.0,322.0,333.0,323.1,328.8,1022,48.843,150057,1.1294275975932926,7.880000000000007
418,2022-03-07,GP,317.6,327.9,317.2,327.9,317.6,323.1,1194,53.578,167368,1.1320332143083525,9.240000000000009
419,2022-03-08,GP,316.4,320.2,315.0,320.2,316.4,317.6,1225,60.852,192180,1.110040934264387,10.54000000000001
420,2022-03-09,GP,320.5,325.5,318.8,320.0,320.5,316.4,921,54.966,171792,0.9640384170168583,10.7
421,2022-03-10,GP,322.2,326.9,318.0,324.0,322.2,320.5,758,38.743,119580,0.7538076596804445,10.239999999999998
422,2022-03-13,GP,328.5,329.8,322.0,323.0,327.8,322.2,628,28.398,87038,0.6002866359174253,9.479999999999995
423,2022-03-14,GP,330.0,342.8,327.2,329.9,330.0,327.8,867,39.676,120145,0.8910548655871718,11.279999999999996
424,2022-03-15,GP,332.0,334.0,330.2,334.0,332.0,330.0,329,10.031,30297,0.29191451220505893,10.899999999999988
425,2022-03-16,GP,325.9,332.0,325.5,330.1,325.9,332.0,977,37.311,113892,1.2101466667531575,10.619999999999994
426,2022-03-20,GP,326.1,329.4,325.3,326.0,326.1,325.9,332,11.464,35114,0.451765447667087,9.85999999999999
427,2022-03-21,GP,325.0,326.9,322.1,326.2,325.0,326.1,445,16.084,49618,0.7019534591414556,8.95999999999998
428,2022-03-22,GP,324.7,327.0,323.3,327.0,324.7,325.0,901,45.942,141557,1.901069253177966,5.5799999999999725
429,2022-03-23,GP,325.5,328.4,323.7,328.0,325.5,324.7,504,22.358,68837,0.8395226758987376,5.279999999999973
430,2022-03-24,GP,326.0,329.0,324.1,325.1,325.6,325.5,481,20.551,62949,0.8827824981314271,4.959999999999968
431,2022-03-27,GP,328.7,331.0,325.0,325.8,328.7,325.6,434,13.851,42093,0.5830232518983719,4.81999999999997
432,2022-03-28,GP,330.9,331.6,328.3,329.9,330.9,328.7,536,34.059,103007,1.2452014828788909,5.059999999999979
433,2022-03-29,GP,328.1,331.0,327.1,330.9,328.1,330.9,426,24.649,74711,1.0673519936259397,5.099999999999977
434,2022-03-30,GP,328.5,330.0,327.9,329.8,328.7,328.1,203,7.014,21310,0.3502656705684951,4.759999999999979
435,2022-03-31,GP,328.9,330.0,327.5,329.7,328.9,328.7,375,19.374,58874,0.9790089643950801,4.279999999999984
436,2022-04-03,GP,328.7,329.9,328.5,328.9,328.7,328.9,306,11.318,34396,0.5869479536166946,3.3599999999999794
437,2022-04-04,GP,324.9,329.9,324.1,329.9,324.9,328.7,643,27.345,84044,1.524247491638796,3.3199999999999705
438,2022-04-05,GP,325.0,326.0,324.1,325.1,325.0,324.9,483,15.538,47785,0.9640273486455969,3.459999999999968
439,2022-04-06,GP,320.7,327.5,319.3,323.3,320.3,325.0,826,36.831,114280,1.6679800010868975,4.499999999999966
440,2022-04-07,GP,321.5,323.7,318.5,320.4,321.5,320.3,656,22.174,69271,0.9793650513223678,5.299999999999966
441,2022-04-10,GP,322.0,324.7,321.5,324.7,321.9,321.5,353,13.413,41517,0.5816515034561712,5.899999999999966
442,2022-04-11,GP,322.1,324.9,321.4,324.9,322.1,321.9,425,19.818,61495,0.9194239798096014,5.439999999999975
443,2022-04-12,GP,319.1,322.2,318.7,321.6,319.1,322.1,720,31.668,98965,1.2779248450413223,5.219999999999982
444,2022-04-13,GP,320.0,326.0,316.0,326.0,319.9,319.1,750,28.334,89000,1.227568518374102,5.579999999999984
445,2022-04-17,GP,323.1,325.0,320.0,320.6,323.1,319.9,332,12.223,37827,0.5795307995751783,5.4599999999999795
446,2022-04-18,GP,319.8,323.1,319.1,323.1,319.8,323.1,710,31.404,98047,1.2719628666553258,5.379999999999984
447,2022-04-19,GP,320.1,322.0,317.1,320.0,320.1,319.8,835,110.794,346471,2.58353814656077,5.879999999999984
448,2022-04-20,GP,321.4,322.8,320.4,322.8,321.4,320.1,678,33.205,103297,0.7687766253009818,5.779999999999984
449,2022-04-21,GP,323.9,324.9,322.1,322.1,323.9,321.4,515,38.094,117580,0.8438330675172783,4.739999999999975
450,2022-04-24,GP,327.1,327.6,322.5,324.1,327.1,323.9,747,25.206,77238,0.527978282635744,4.799999999999988
451,2022-04-25,GP,327.1,327.9,325.2,327.2,327.1,327.1,565,20.274,62094,0.445439485351953,4.799999999999988
452,2022-04-26,GP,326.9,328.1,325.7,327.0,326.9,327.1,246,35.525,108824,1.166253020275239,4.079999999999996
453,2022-04-27,GP,320.5,326.4,319.2,326.4,320.5,326.9,1512,89.448,278829,2.1445525469078914,5.060000000000002
454,2022-04-28,GP,319.9,322.9,319.0,322.9,319.9,320.5,1380,80.367,250671,1.6020851606729927,5.680000000000007
455,2022-05-05,GP,319.8,323.0,319.5,320.1,319.8,319.9,453,14.615,45625,0.3041889197390823,5.139999999999998
456,2022-05-08,GP,320.9,322.4,320.0,320.1,320.9,319.8,449,10.523,32763,0.2282864308090143,4.839999999999998
457,2022-05-09,GP,318.9,321.8,318.5,321.1,318.9,320.9,1092,48.024,150095,0.9882416854270157,5.019999999999993
458,2022-05-10,GP,318.5,322.0,317.9,319.1,318.8,318.9,1036,67.747,212701,1.5308257560693435,4.259999999999991
459,2022-05-11,GP,315.4,320.7,315.0,320.5,315.4,318.8,1351,68.206,215133,1.6308251440594888,3.819999999999993
460,2022-05-12,GP,310.3,316.0,309.5,316.0,310.3,315.4,2052,74.296,238080,1.3820146133126983,4.979999999999995
461,2022-05-16,GP,309.6,315.8,308.6,310.3,309.6,310.3,1724,78.003,251671,1.1598062305962962,5.919999999999993
462,2022-05-17,GP,306.9,311.9,305.5,311.9,306.9,309.6,1182,48.995,159564,0.7263963801012314,6.539999999999987
463,2022-05-18,GP,304.0,308.0,303.0,308.0,304.0,306.9,1881,64.125,210264,0.9610340951667292,7.039999999999987
464,2022-05-19,GP,302.6,305.0,301.5,305.0,302.6,304.0,1048,32.996,108955,0.5528542466028854,6.979999999999984
465,2022-05-22,GP,303.9,304.5,301.2,303.2,303.9,302.6,707,16.576,54741,0.34433619310745966,5.779999999999984
466,2022-05-23,GP,305.9,308.6,305.0,307.5,305.9,303.9,800,24.02,78437,0.6432366425296715,5.539999999999987
467,2022-05-24,GP,303.3,307.7,302.5,307.0,303.3,305.9,1027,23.609,77343,0.7317171441677103,5.299999999999988
468,2022-05-25,GP,300.9,305.1,300.0,305.1,300.9,303.3,1243,57.503,190952,1.8584845899265696,5.15999999999998
469,2022-05-26,GP,300.8,303.9,300.0,300.1,300.8,300.9,884,18.333,60892,0.654558307924108,4.85999999999998
470,2022-05-29,GP,309.3,314.0,303.5,304.9,309.3,300.8,457,21.48,69960,0.7409707130290801,6.819999999999982
471,2022-05-30,GP,307.5,312.0,306.4,310.0,307.5,309.3,665,19.531,63458,0.6952711169334169,7.85999999999998
472,2022-05-31,GP,307.1,310.0,306.7,310.0,307.1,307.5,468,16.012,52151,0.6025937271844588,7.479999999999984
473,2022-06-01,GP,306.8,308.0,306.0,308.0,306.8,307.1,660,32.872,107103,1.5186458217836423,6.699999999999989
474,2022-06-02,GP,304.4,309.5,304.0,309.5,304.4,306.8,986,27.913,91336,1.1846818552220566,7.019999999999993
475,2022-06-05,GP,313.4,314.5,306.9,306.9,313.4,304.4,845,48.493,155717,1.6742392332603702,5.939999999999986
476,2022-06-06,GP,307.2,313.6,307.2,313.4,307.2,313.4,1206,56.587,183552,1.555639250702398,5.539999999999997
477,2022-06-07,GP,306.0,310.0,305.5,307.3,306.0,307.2,923,36.763,119984,0.907154983516592,6.459999999999991
478,2022-06-08,GP,304.6,308.0,302.0,308.0,304.6,306.0,979,35.121,115278,0.8571240305158707,7.259999999999991
479,2022-06-09,GP,305.6,308.0,305.1,308.0,305.6,304.6,528,21.957,71723,0.551902514063372,6.739999999999986
480,2022-06-12,GP,307.6,308.0,305.6,306.0,307.6,305.6,521,9.282,30200,0.2905891929121533,5.879999999999984
481,2022-06-13,GP,305.8,307.7,305.2,307.0,305.8,307.6,473,15.632,50986,0.6581617616100376,4.539999999999975
482,2022-06-14,GP,304.7,306.0,304.2,306.0,304.7,305.8,623,17.072,56018,0.8616651861422921,3.6399999999999864
483,2022-06-15,GP,304.5,307.8,304.0,307.8,304.5,304.7,551,35.664,116996,1.7902356260102208,3.1999999999999886
484,2022-06-16,GP,305.1,306.0,304.0,304.5,305.1,304.5,617,27.045,88695,1.291608959358136,3.0199999999999934
485,2022-06-19,GP,307.0,307.6,305.1,307.0,307.0,305.1,375,14.649,47779,0.6654885428213191,2.960000000000002
